Designator,Mid X,Mid Y,Layer,Rotation
C1,5.2000mm,-20.6000mm,Top,0.0
C2,17.8000mm,-33.4000mm,Top,0.0
C3,17.8000mm,-20.6000mm,Top,0.0
C4,5.2000mm,-33.4000mm,Top,0.0
C5,5.2000mm,-18.9000mm,Top,0.0
C6,17.8000mm,-18.9000mm,Top,0.0
C7,5.2000mm,-35.1000mm,Top,0.0
C8,17.8000mm,-35.1000mm,Top,0.0
C9,11.5000mm,-18.4000mm,Top,0.0
C10,3.2000mm,-7.6000mm,Top,0.0
C11,14.0000mm,-5.7000mm,Top,0.0
C12,14.0000mm,-3.8000mm,Top,0.0
C13,14.0000mm,-7.6000mm,Top,0.0
C14,3.2000mm,-9.6000mm,Top,0.0
C15,14.0000mm,-1.9000mm,Top,0.0
C16,25.2000mm,-15.5000mm,Top,0.0
C17,39.0000mm,-38.6000mm,Top,0.0
C18,13.2000mm,-42.0000mm,Top,0.0
C19,34.0000mm,-42.0000mm,Top,0.0
C20,4.3000mm,-42.0000mm,Top,0.0
C21,41.5000mm,-42.0000mm,Top,0.0
C22,45.5000mm,-42.0000mm,Top,0.0
C23,36.0000mm,-9.7000mm,Top,0.0
C24,11.5000mm,-35.6000mm,Top,0.0
C25,49.9000mm,-6.0000mm,Top,90.0
C26,46.5000mm,-9.7000mm,Top,0.0
C27,39.5000mm,-9.7000mm,Top,0.0
D1,3.2000mm,-5.0000mm,Top,0.0
D2,3.2000mm,-2.3000mm,Top,0.0
J2,25.7000mm,-2.9500mm,Top,180.0
R1,2.2000mm,-37.3000mm,Top,0.0
R2,2.2000mm,-39.1000mm,Top,0.0
R3,2.2000mm,-26.5000mm,Top,0.0
R4,2.2000mm,-28.3000mm,Top,0.0
R5,2.2000mm,-31.9000mm,Top,0.0
R6,2.2000mm,-33.7000mm,Top,0.0
R7,2.2000mm,-35.5000mm,Top,0.0
R8,2.2000mm,-30.1000mm,Top,0.0
R9,21.3000mm,-24.5000mm,Top,0.0
R10,25.2000mm,-24.5000mm,Top,0.0
R11,21.3000mm,-26.3000mm,Top,0.0
R12,25.2000mm,-26.3000mm,Top,0.0
R13,21.3000mm,-28.1000mm,Top,0.0
R14,25.2000mm,-28.1000mm,Top,0.0
R15,25.2000mm,-29.9000mm,Top,0.0
R16,43.0000mm,-9.7000mm,Top,0.0
R17,18.5000mm,-2.6000mm,Top,0.0
R18,18.5000mm,-4.6000mm,Top,0.0
U1,11.5000mm,-27.0000mm,Top,0.0
U2,39.0000mm,-17.0000mm,Top,0.0
U3,39.0000mm,-31.0000mm,Top,90.0
U4,13.2000mm,-47.2000mm,Top,90.0
U5,34.0000mm,-47.2000mm,Top,90.0
U6,4.3000mm,-47.2000mm,Top,90.0
U7,43.5000mm,-47.2000mm,Top,-90.0
U8,9.0000mm,-2.7000mm,Top,0.0
U9,9.0000mm,-6.6000mm,Top,0.0
U10,40.5000mm,-5.5000mm,Top,0.0
U11,34.0000mm,-4.5000mm,Top,0.0
X1,2.2000mm,-23.6000mm,Top,0.0
Y1,46.0000mm,-6.5000mm,Top,0.0
