Comment,Designator,Footprint,LCSC Part #
100nF CC0603KRX7R9BB104,"C1,C2,C3,C4,C5,C6",C_0603_1608Metric,C14663
10uF CL31A106KBHNNNE,C7,C_1206_3216Metric,C13585
10k 0603WAF1002T5E,R1,R_0603_1608Metric,C25804
2.2k 0603WAF2201T5E,"R2,R3,R4,R5,R6",R_0603_1608Metric,C4190
SST39SF040 SST39SF040-55-4I-NHE-T,U1,PLCC-32_11.4x14.0mm_P1.27mm,C632847
FM18W08 FM18W08-SGTR,U2,SOIC-28W_7.5x17.9mm_P1.27mm,C55945
74HC574 SN74HC574DWR,U3,SOIC-20W_7.5x12.8mm_P1.27mm,C10097
74HC32 SN74HC32DR,"U4,U5",SOIC-14_3.9x8.7mm_P1.27mm,C6838
74HC00 SN74HC00DR,U6,SOIC-14_3.9x8.7mm_P1.27mm,C10090
